Title,Year,Rated,Released,Runtime,Genre,Director,Writer,Actors,Plot,Language,Country,Awards,Poster,Ratings,Metascore,imdbRating,imdbVotes,imdbID,Type,DVD,BoxOffice,Production,Website,Response,Error
The Dark Knight,2008,PG-13,18 Jul 2008,152 min,"Action, Crime, Drama",Christopher Nolan,"Jonathan Nolan, Christopher Nolan, David S. Goyer","Christian Bale, Heath Ledger, Aaron Eckhart","When the menace known as the Joker wreaks havoc and chaos on the people of Gotham, Batman must accept one of the greatest psychological and physical tests of his ability to fight injustice.","English, Mandarin","United States, United Kingdom",Won 2 Oscars. 161 wins & 163 nominations total,https://m.media-amazon.com/images/M/MV5BMTMxNTMwODM0NF5BMl5BanBnXkFtZTcwODAyMTk2Mw@@._V1_SX300.jpg,"[{'Source': 'Internet Movie Database', 'Value': '9.0/10'}, {'Source': 'Rotten Tomatoes', 'Value': '94%'}, {'Source': 'Metacritic', 'Value': '84/100'}]",84,9.0,"2,682,004",tt0468569,movie,09 Dec 2008,"$534,987,076",N/A,N/A,True,
Inception,2010,PG-13,16 Jul 2010,148 min,"Action, Adventure, Sci-Fi",Christopher Nolan,Christopher Nolan,"Leonardo DiCaprio, Joseph Gordon-Levitt, Elliot Page","A thief who steals corporate secrets through the use of dream-sharing technology is given the inverse task of planting an idea into the mind of a C.E.O., but his tragic past may doom the project and his team to disaster.","English, Japanese, French","United States, United Kingdom",Won 4 Oscars. 158 wins & 220 nominations total,https://m.media-amazon.com/images/M/MV5BMjAxMzY3NjcxNF5BMl5BanBnXkFtZTcwNTI5OTM0Mw@@._V1_SX300.jpg,"[{'Source': 'Internet Movie Database', 'Value': '8.8/10'}, {'Source': 'Rotten Tomatoes', 'Value': '87%'}, {'Source': 'Metacritic', 'Value': '74/100'}]",74,8.8,"2,379,638",tt1375666,movie,07 Dec 2010,"$292,587,330",N/A,N/A,True,
Interstellar,2014,PG-13,07 Nov 2014,169 min,"Adventure, Drama, Sci-Fi",Christopher Nolan,"Jonathan Nolan, Christopher Nolan","Matthew McConaughey, Anne Hathaway, Jessica Chastain",A team of explorers travel through a wormhole in space in an attempt to ensure humanity's survival.,English,"United States, United Kingdom, Canada",Won 1 Oscar. 44 wins & 148 nominations total,https://m.media-amazon.com/images/M/MV5BZjdkOTU3MDktN2IxOS00OGEyLWFmMjktY2FiMmZkNWIyODZiXkEyXkFqcGdeQXVyMTMxODk2OTU@._V1_SX300.jpg,"[{'Source': 'Internet Movie Database', 'Value': '8.6/10'}, {'Source': 'Rotten Tomatoes', 'Value': '72%'}, {'Source': 'Metacritic', 'Value': '74/100'}]",74,8.6,"1,866,991",tt0816692,movie,31 Mar 2015,"$188,020,017",N/A,N/A,True,
Everything Everywhere All at Once,2022,R,08 Apr 2022,139 min,"Action, Adventure, Comedy","Dan Kwan, Daniel Scheinert","Dan Kwan, Daniel Scheinert","Michelle Yeoh, Stephanie Hsu, Jamie Lee Curtis",A middle-aged Chinese immigrant is swept up into an insane adventure in which she alone can save existence by exploring other universes and connecting with the lives she could have led.,"English, Mandarin, Cantonese",United States,Nominated for 11 Oscars. 262 wins & 393 nominations total,https://m.media-amazon.com/images/M/MV5BYTdiOTIyZTQtNmQ1OS00NjZlLWIyMTgtYzk5Y2M3ZDVmMDk1XkEyXkFqcGdeQXVyMTAzMDg4NzU0._V1_SX300.jpg,"[{'Source': 'Internet Movie Database', 'Value': '8.0/10'}, {'Source': 'Rotten Tomatoes', 'Value': '95%'}, {'Source': 'Metacritic', 'Value': '81/100'}]",81,8.0,"327,605",tt6710474,movie,07 Jun 2022,"$70,008,593",A24,N/A,True,
All Quiet on the Western Front,2022,R,28 Oct 2022,148 min,"Action, Drama, War",Edward Berger,"Edward Berger, Lesley Paterson, Ian Stokell","Felix Kammerer, Albrecht Schuch, Aaron Hilmer",A young German soldier's terrifying experiences and distress on the western front during World War I.,"German, French","Germany, United States, United Kingdom",Nominated for 9 Oscars. 29 wins & 76 nominations total,https://m.media-amazon.com/images/M/MV5BMzM4ZDJhYjYtZGY5Ny00NTk0LWI4ZTYtNjczZDFiMGI2ZjEzXkEyXkFqcGdeQXVyNjc5NjEzNA@@._V1_SX300.jpg,"[{'Source': 'Internet Movie Database', 'Value': '7.8/10'}, {'Source': 'Rotten Tomatoes', 'Value': '90%'}, {'Source': 'Metacritic', 'Value': '76/100'}]",76,7.8,"150,522",tt1016150,movie,28 Oct 2022,N/A,Netflix,N/A,True,
Lauf um Dein Leben - Vom Junkie zum Ironman,2008,N/A,24 Apr 2008,96 min,"Biography, Drama, Sport",Adnan Köse,"Fritjof Hohagen, Adnan Köse","Max Riemelt, Jasmin Schwiers, Uwe Ochsenknecht",He lived the junkie's life as a heroin addict. Triathlon transformed him. Biopic of the record breaking Ironman Andreas Niedrig.,German,Germany,N/A,https://m.media-amazon.com/images/M/MV5BMDJhZjA5MWEtOTE5Yy00MWJiLTgwNjQtMDliOWI0NWJmZDZkXkEyXkFqcGdeQXVyMjY1ODY2Ng@@._V1_SX300.jpg,"[{'Source': 'Internet Movie Database', 'Value': '5.9/10'}]",N/A,5.9,256,tt0954542,movie,N/A,N/A,StudioCanal,N/A,True,
Aquaman,2018,PG-13,21 Dec 2018,143 min,"Action, Adventure, Fantasy",James Wan,"David Leslie Johnson-McGoldrick, Will Beall, Geoff Johns","Jason Momoa, Amber Heard, Willem Dafoe","Arthur Curry, the human-born heir to the underwater kingdom of Atlantis, goes on a quest to prevent a war between the worlds of ocean and land.","English, Russian, Maori, Italian","United States, Australia",2 wins & 38 nominations,https://m.media-amazon.com/images/M/MV5BOTk5ODg0OTU5M15BMl5BanBnXkFtZTgwMDQ3MDY3NjM@._V1_SX300.jpg,"[{'Source': 'Internet Movie Database', 'Value': '6.8/10'}, {'Source': 'Rotten Tomatoes', 'Value': '65%'}, {'Source': 'Metacritic', 'Value': '55/100'}]",55,6.8,"482,901",tt1477834,movie,26 Mar 2019,"$335,104,314",N/A,N/A,True,
Now You See Me,2013,PG-13,31 May 2013,115 min,"Crime, Mystery, Thriller",Louis Leterrier,"Ed Solomon, Boaz Yakin, Edward Ricourt","Jesse Eisenberg, Common, Mark Ruffalo","An F.B.I. Agent and an Interpol Detective track a team of illusionists who pull off bank heists during their performances, and reward their audiences with the money.","English, French","United States, France",1 win & 3 nominations,https://m.media-amazon.com/images/M/MV5BMTY0NDY3MDMxN15BMl5BanBnXkFtZTcwOTM5NzMzOQ@@._V1_SX300.jpg,"[{'Source': 'Internet Movie Database', 'Value': '7.2/10'}, {'Source': 'Rotten Tomatoes', 'Value': '50%'}, {'Source': 'Metacritic', 'Value': '50/100'}]",50,7.2,"669,335",tt1670345,movie,03 Sep 2013,"$117,723,989",N/A,N/A,True,
Now You See Me 2,2016,PG-13,10 Jun 2016,129 min,"Action, Adventure, Comedy",Jon M. Chu,"Ed Solomon, Peter Chiarelli, Boaz Yakin","Jesse Eisenberg, Mark Ruffalo, Woody Harrelson","The Four Horsemen resurface, and are forcibly recruited by a tech genius to pull off their most impossible heist yet.","English, Mandarin, Cantonese","United States, France, Hong Kong",5 nominations,https://m.media-amazon.com/images/M/MV5BYjhlNDljNTgtZjc4My00NmZmLTk2YzAtYWE5MDYwYjM4MTkzXkEyXkFqcGdeQXVyODE5NzE3OTE@._V1_SX300.jpg,"[{'Source': 'Internet Movie Database', 'Value': '6.4/10'}, {'Source': 'Rotten Tomatoes', 'Value': '34%'}, {'Source': 'Metacritic', 'Value': '46/100'}]",46,6.4,"297,749",tt3110958,movie,06 Sep 2016,"$65,075,540",N/A,N/A,True,
Jingle All the Way,1996,PG,22 Nov 1996,89 min,"Adventure, Comedy, Family",Brian Levant,Randy Kornfield,"Arnold Schwarzenegger, Sinbad, Phil Hartman","A father vows to get his son a Turbo Man action figure for Christmas. However, every store is sold out, and he must travel all over town and compete with everybody else in order to find one.",English,United States,2 wins & 4 nominations,https://m.media-amazon.com/images/M/MV5BMmJlYzViNzctMjQ1Ni00ZWQ4LThkN2YtMzI2ZGU5Nzk0NTAyXkEyXkFqcGdeQXVyMTQxNzMzNDI@._V1_SX300.jpg,"[{'Source': 'Internet Movie Database', 'Value': '5.7/10'}, {'Source': 'Rotten Tomatoes', 'Value': '19%'}, {'Source': 'Metacritic', 'Value': '34/100'}]",34,5.7,"108,625",tt0116705,movie,03 Nov 1998,"$60,592,389",N/A,N/A,True,
,,,,,,,,,,,,,,,,,,,,,,,,False,Movie not found!
All About Eve,1950,Passed,27 Oct 1950,138 min,Drama,Joseph L. Mankiewicz,"Joseph L. Mankiewicz, Mary Orr","Bette Davis, Anne Baxter, George Sanders",A seemingly timid but secretly ruthless ingénue insinuates herself into the lives of an aging Broadway star and her circle of theater friends.,"English, French",United States,Won 6 Oscars. 27 wins & 20 nominations total,https://m.media-amazon.com/images/M/MV5BMTY2MTAzODI5NV5BMl5BanBnXkFtZTgwMjM4NzQ0MjE@._V1_SX300.jpg,"[{'Source': 'Internet Movie Database', 'Value': '8.2/10'}, {'Source': 'Rotten Tomatoes', 'Value': '99%'}, {'Source': 'Metacritic', 'Value': '98/100'}]",98,8.2,"132,804",tt0042192,movie,05 Feb 2004,"$63,463",N/A,N/A,True,
The Kids Are All Right,2010,R,30 Jul 2010,106 min,"Comedy, Drama, Romance",Lisa Cholodenko,"Lisa Cholodenko, Stuart Blumberg","Annette Bening, Julianne Moore, Mark Ruffalo",Two children conceived by artificial insemination bring their biological father into their non-traditional family life.,English,"United States, France",Nominated for 4 Oscars. 29 wins & 133 nominations total,https://m.media-amazon.com/images/M/MV5BMjE4NTMwNDg5MF5BMl5BanBnXkFtZTcwNDY2ODE0Mw@@._V1_SX300.jpg,"[{'Source': 'Internet Movie Database', 'Value': '7.0/10'}, {'Source': 'Rotten Tomatoes', 'Value': '92%'}, {'Source': 'Metacritic', 'Value': '86/100'}]",86,7.0,"131,861",tt0842926,movie,16 Nov 2010,"$20,811,365",Focus Features,N/A,True,
After,2019,PG-13,12 Apr 2019,105 min,"Drama, Romance",Jenny Gage,"Susan McMartin, Tamara Chestna, Jenny Gage","Josephine Langford, Hero Fiennes Tiffin, Khadijha Red Thunder",A young woman falls for a guy with a dark secret and the two embark on a rocky relationship. Based on the novel by Anna Todd.,English,United States,4 wins,https://m.media-amazon.com/images/M/MV5BOGUwMjk3YzktNDI0Yy00MzFiLWFjNmEtYTA2ODVjMzNhODhjXkEyXkFqcGdeQXVyOTQ1MDI4MzY@._V1_SX300.jpg,"[{'Source': 'Internet Movie Database', 'Value': '5.3/10'}, {'Source': 'Rotten Tomatoes', 'Value': '18%'}, {'Source': 'Metacritic', 'Value': '30/100'}]",30,5.3,"57,822",tt4126476,movie,25 Jun 2019,"$12,138,565",N/A,N/A,True,
Deadpool,2016,R,12 Feb 2016,108 min,"Action, Comedy",Tim Miller,"Rhett Reese, Paul Wernick","Ryan Reynolds, Morena Baccarin, T.J. Miller","A wisecracking mercenary gets experimented on and becomes immortal but ugly, and sets out to track down the man who ruined his looks.",English,United States,29 wins & 78 nominations,https://m.media-amazon.com/images/M/MV5BYzE5MjY1ZDgtMTkyNC00MTMyLThhMjAtZGI5OTE1NzFlZGJjXkEyXkFqcGdeQXVyNjU0OTQ0OTY@._V1_SX300.jpg,"[{'Source': 'Internet Movie Database', 'Value': '8.0/10'}, {'Source': 'Rotten Tomatoes', 'Value': '85%'}, {'Source': 'Metacritic', 'Value': '65/100'}]",65,8.0,"1,051,769",tt1431045,movie,10 May 2016,"$363,070,709",N/A,N/A,True,
The Gray Man,2022,PG-13,22 Jul 2022,122 min,"Action, Thriller","Anthony Russo, Joe Russo","Joe Russo, Christopher Markus, Stephen McFeely","Ryan Gosling, Chris Evans, Ana de Armas","When the CIA's most skilled operative, whose true identity is known to none, accidentally uncovers dark agency secrets, a psychopathic former colleague puts a bounty on his head, setting off a global manhunt by international assas...",English,"United States, Czech Republic",1 nomination,https://m.media-amazon.com/images/M/MV5BOWY4MmFiY2QtMzE1YS00NTg1LWIwOTQtYTI4ZGUzNWIxNTVmXkEyXkFqcGdeQXVyODk4OTc3MTY@._V1_SX300.jpg,"[{'Source': 'Internet Movie Database', 'Value': '6.5/10'}, {'Source': 'Rotten Tomatoes', 'Value': '46%'}, {'Source': 'Metacritic', 'Value': '49/100'}]",49,6.5,"207,155",tt1649418,movie,22 Jul 2022,N/A,Netflix,N/A,True,
The Shawshank Redemption,1994,R,14 Oct 1994,142 min,Drama,Frank Darabont,"Stephen King, Frank Darabont","Tim Robbins, Morgan Freeman, Bob Gunton","Over the course of several years, two convicts form a friendship, seeking consolation and, eventually, redemption through basic compassion.",English,United States,Nominated for 7 Oscars. 21 wins & 43 nominations total,https://m.media-amazon.com/images/M/MV5BMDFkYTc0MGEtZmNhMC00ZDIzLWFmNTEtODM1ZmRlYWMwMWFmXkEyXkFqcGdeQXVyMTMxODk2OTU@._V1_SX300.jpg,"[{'Source': 'Internet Movie Database', 'Value': '9.3/10'}, {'Source': 'Rotten Tomatoes', 'Value': '91%'}, {'Source': 'Metacritic', 'Value': '81/100'}]",81,9.3,"2,704,541",tt0111161,movie,21 Dec 1999,"$28,767,189",N/A,N/A,True,
The Godfather,1972,R,24 Mar 1972,175 min,"Crime, Drama",Francis Ford Coppola,"Mario Puzo, Francis Ford Coppola","Marlon Brando, Al Pacino, James Caan",The aging patriarch of an organized crime dynasty in postwar New York City transfers control of his clandestine empire to his reluctant youngest son.,"English, Italian, Latin",United States,Won 3 Oscars. 32 wins & 31 nominations total,https://m.media-amazon.com/images/M/MV5BM2MyNjYxNmUtYTAwNi00MTYxLWJmNWYtYzZlODY3ZTk3OTFlXkEyXkFqcGdeQXVyNzkwMjQ5NzM@._V1_SX300.jpg,"[{'Source': 'Internet Movie Database', 'Value': '9.2/10'}, {'Source': 'Rotten Tomatoes', 'Value': '97%'}, {'Source': 'Metacritic', 'Value': '100/100'}]",100,9.2,"1,880,874",tt0068646,movie,11 May 2004,"$136,381,073",N/A,N/A,True,
Guardians of the Galaxy Vol. 2,2017,PG-13,05 May 2017,136 min,"Action, Adventure, Comedy",James Gunn,"James Gunn, Dan Abnett, Andy Lanning","Chris Pratt, Zoe Saldana, Dave Bautista","The Guardians struggle to keep together as a team while dealing with their personal family issues, notably Star-Lord's encounter with his father the ambitious celestial being Ego.",English,United States,Nominated for 1 Oscar. 15 wins & 60 nominations total,https://m.media-amazon.com/images/M/MV5BNjM0NTc0NzItM2FlYS00YzEwLWE0YmUtNTA2ZWIzODc2OTgxXkEyXkFqcGdeQXVyNTgwNzIyNzg@._V1_SX300.jpg,"[{'Source': 'Internet Movie Database', 'Value': '7.6/10'}, {'Source': 'Rotten Tomatoes', 'Value': '85%'}, {'Source': 'Metacritic', 'Value': '67/100'}]",67,7.6,"691,435",tt3896198,movie,22 Aug 2017,"$389,813,101",N/A,N/A,True,
The Avengers,2012,PG-13,04 May 2012,143 min,"Action, Sci-Fi",Joss Whedon,"Joss Whedon, Zak Penn","Robert Downey Jr., Chris Evans, Scarlett Johansson",Earth's mightiest heroes must come together and learn to fight as a team if they are going to stop the mischievous Loki and his alien army from enslaving humanity.,"English, Russian, Hindi",United States,Nominated for 1 Oscar. 38 wins & 80 nominations total,https://m.media-amazon.com/images/M/MV5BNDYxNjQyMjAtNTdiOS00NGYwLWFmNTAtNThmYjU5ZGI2YTI1XkEyXkFqcGdeQXVyMTMxODk2OTU@._V1_SX300.jpg,"[{'Source': 'Internet Movie Database', 'Value': '8.0/10'}, {'Source': 'Rotten Tomatoes', 'Value': '91%'}, {'Source': 'Metacritic', 'Value': '69/100'}]",69,8.0,"1,402,797",tt0848228,movie,25 Sep 2012,"$623,357,910",N/A,N/A,True,
Eternals,2021,PG-13,05 Nov 2021,156 min,"Action, Adventure, Fantasy",Chloé Zhao,"Chloé Zhao, Patrick Burleigh, Ryan Firpo","Gemma Chan, Richard Madden, Angelina Jolie","The saga of the Eternals, a race of immortal beings who lived on Earth and shaped its history and civilizations.","English, American Sign , Marathi, Spanish, Sumerian, Latin, Greek, Ancient (to 1453)",United States,7 wins & 16 nominations,https://m.media-amazon.com/images/M/MV5BY2Y1ODBhYTItYmJiZi00NjU2LWI2NjktNTcwM2U2NGQ2ZTNiXkEyXkFqcGdeQXVyMTkxNjUyNQ@@._V1_SX300.jpg,"[{'Source': 'Internet Movie Database', 'Value': '6.3/10'}, {'Source': 'Rotten Tomatoes', 'Value': '47%'}, {'Source': 'Metacritic', 'Value': '52/100'}]",52,6.3,"348,689",tt9032400,movie,12 Jan 2022,"$164,870,234",N/A,N/A,True,
Black Widow,2021,PG-13,09 Jul 2021,134 min,"Action, Adventure, Sci-Fi",Cate Shortland,"Eric Pearson, Jac Schaeffer, Ned Benson","Scarlett Johansson, Florence Pugh, David Harbour",Natasha Romanoff confronts the darker parts of her ledger when a dangerous conspiracy with ties to her past arises.,"English, Russian, Norwegian, Hungarian, Macedonian, Finnish",United States,12 wins & 34 nominations,https://m.media-amazon.com/images/M/MV5BNjRmNDI5MjMtMmFhZi00YzcwLWI4ZGItMGI2MjI0N2Q3YmIwXkEyXkFqcGdeQXVyMTkxNjUyNQ@@._V1_SX300.jpg,"[{'Source': 'Internet Movie Database', 'Value': '6.7/10'}, {'Source': 'Rotten Tomatoes', 'Value': '79%'}, {'Source': 'Metacritic', 'Value': '68/100'}]",68,6.7,"388,161",tt3480822,movie,06 Oct 2021,"$183,651,655",N/A,N/A,True,
Thor: Love and Thunder,2022,PG-13,08 Jul 2022,118 min,"Action, Adventure, Comedy",Taika Waititi,"Taika Waititi, Jennifer Kaytin Robinson, Stan Lee","Chris Hemsworth, Natalie Portman, Christian Bale","Thor enlists the help of Valkyrie, Korg and ex-girlfriend Jane Foster to fight Gorr the God Butcher, who intends to make the gods extinct.",English,"Australia, United States",1 win & 17 nominations,https://m.media-amazon.com/images/M/MV5BYmMxZWRiMTgtZjM0Ny00NDQxLWIxYWQtZDdlNDNkOTEzYTdlXkEyXkFqcGdeQXVyMTkxNjUyNQ@@._V1_SX300.jpg,"[{'Source': 'Internet Movie Database', 'Value': '6.3/10'}, {'Source': 'Rotten Tomatoes', 'Value': '63%'}, {'Source': 'Metacritic', 'Value': '57/100'}]",57,6.3,"349,958",tt10648342,movie,08 Sep 2022,"$343,256,830",Walt Disney Pictures,N/A,True,
Interstellar,2014,PG-13,07 Nov 2014,169 min,"Adventure, Drama, Sci-Fi",Christopher Nolan,"Jonathan Nolan, Christopher Nolan","Matthew McConaughey, Anne Hathaway, Jessica Chastain",A team of explorers travel through a wormhole in space in an attempt to ensure humanity's survival.,English,"United States, United Kingdom, Canada",Won 1 Oscar. 44 wins & 148 nominations total,https://m.media-amazon.com/images/M/MV5BZjdkOTU3MDktN2IxOS00OGEyLWFmMjktY2FiMmZkNWIyODZiXkEyXkFqcGdeQXVyMTMxODk2OTU@._V1_SX300.jpg,"[{'Source': 'Internet Movie Database', 'Value': '8.6/10'}, {'Source': 'Rotten Tomatoes', 'Value': '72%'}, {'Source': 'Metacritic', 'Value': '74/100'}]",74,8.6,"1,866,991",tt0816692,movie,31 Mar 2015,"$188,020,017",N/A,N/A,True,
Captain Marvel,2019,PG-13,08 Mar 2019,123 min,"Action, Adventure, Sci-Fi","Anna Boden, Ryan Fleck","Anna Boden, Ryan Fleck, Geneva Robertson-Dworet","Brie Larson, Samuel L. Jackson, Ben Mendelsohn",Carol Danvers becomes one of the universe's most powerful heroes when Earth is caught in the middle of a galactic war between two alien races.,English,"United States, Australia",9 wins & 56 nominations,https://m.media-amazon.com/images/M/MV5BMTE0YWFmOTMtYTU2ZS00ZTIxLWE3OTEtYTNiYzBkZjViZThiXkEyXkFqcGdeQXVyODMzMzQ4OTI@._V1_SX300.jpg,"[{'Source': 'Internet Movie Database', 'Value': '6.8/10'}, {'Source': 'Rotten Tomatoes', 'Value': '79%'}, {'Source': 'Metacritic', 'Value': '64/100'}]",64,6.8,"570,134",tt4154664,movie,28 May 2019,"$426,829,839",N/A,N/A,True,
,,,,,,,,,,,,,,,,,,,,,,,,False,Movie not found!
Thor,2011,PG-13,06 May 2011,115 min,"Action, Fantasy",Kenneth Branagh,"Ashley Miller, Zack Stentz, Don Payne","Chris Hemsworth, Anthony Hopkins, Natalie Portman","The powerful but arrogant god Thor is cast out of Asgard to live amongst humans in Midgard (Earth), where he soon becomes one of their finest defenders.",English,United States,5 wins & 30 nominations,https://m.media-amazon.com/images/M/MV5BOGE4NzU1YTAtNzA3Mi00ZTA2LTg2YmYtMDJmMThiMjlkYjg2XkEyXkFqcGdeQXVyNTgzMDMzMTg@._V1_SX300.jpg,"[{'Source': 'Internet Movie Database', 'Value': '7.0/10'}, {'Source': 'Rotten Tomatoes', 'Value': '77%'}, {'Source': 'Metacritic', 'Value': '57/100'}]",57,7.0,"859,165",tt0800369,movie,13 Sep 2011,"$181,030,624",N/A,N/A,True,
Avatar,2009,PG-13,18 Dec 2009,162 min,"Action, Adventure, Fantasy",James Cameron,James Cameron,"Sam Worthington, Zoe Saldana, Sigourney Weaver",A paraplegic Marine dispatched to the moon Pandora on a unique mission becomes torn between following his orders and protecting the world he feels is his home.,"English, Spanish",United States,Won 3 Oscars. 89 wins & 131 nominations total,https://m.media-amazon.com/images/M/MV5BZDA0OGQxNTItMDZkMC00N2UyLTg3MzMtYTJmNjg3Nzk5MzRiXkEyXkFqcGdeQXVyMjUzOTY1NTc@._V1_SX300.jpg,"[{'Source': 'Internet Movie Database', 'Value': '7.9/10'}, {'Source': 'Rotten Tomatoes', 'Value': '82%'}, {'Source': 'Metacritic', 'Value': '83/100'}]",83,7.9,"1,326,849",tt0499549,movie,22 Apr 2010,"$785,221,649",N/A,N/A,True,
Doctor Strange,2016,PG-13,04 Nov 2016,115 min,"Action, Adventure, Fantasy",Scott Derrickson,"Jon Spaihts, Scott Derrickson, C. Robert Cargill","Benedict Cumberbatch, Chiwetel Ejiofor, Rachel McAdams","While on a journey of physical and spiritual healing, a brilliant neurosurgeon is drawn into the world of the mystic arts.",English,United States,Nominated for 1 Oscar. 20 wins & 68 nominations total,https://m.media-amazon.com/images/M/MV5BNjgwNzAzNjk1Nl5BMl5BanBnXkFtZTgwMzQ2NjI1OTE@._V1_SX300.jpg,"[{'Source': 'Internet Movie Database', 'Value': '7.5/10'}, {'Source': 'Rotten Tomatoes', 'Value': '89%'}, {'Source': 'Metacritic', 'Value': '72/100'}]",72,7.5,"754,375",tt1211837,movie,28 Feb 2017,"$232,641,920",N/A,N/A,True,
Death on the Nile,2022,PG-13,11 Feb 2022,127 min,"Crime, Drama, Mystery",Kenneth Branagh,"Michael Green, Agatha Christie","Tom Bateman, Annette Bening, Kenneth Branagh","While on vacation on the Nile, Hercule Poirot must investigate the murder of a young heiress.","English, French, German","United States, United Kingdom",6 nominations,https://m.media-amazon.com/images/M/MV5BNjI4ZTQ1OTYtNTI0Yi00M2EyLThiNjMtMzk1MmZlOWMyMDQwXkEyXkFqcGdeQXVyMTEyMjM2NDc2._V1_SX300.jpg,"[{'Source': 'Internet Movie Database', 'Value': '6.3/10'}, {'Source': 'Rotten Tomatoes', 'Value': '62%'}, {'Source': 'Metacritic', 'Value': '52/100'}]",52,6.3,"155,818",tt7657566,movie,N/A,"$45,630,104",20th Century Studios,N/A,True,
The Incredible Hulk,2008,PG-13,13 Jun 2008,112 min,"Action, Adventure, Sci-Fi",Louis Leterrier,"Zak Penn, Stan Lee, Jack Kirby","Edward Norton, Liv Tyler, Tim Roth","Bruce Banner, a scientist on the run from the U.S. Government, must find a cure for the monster he turns into whenever he loses his temper.","English, Portuguese, Spanish",United States,1 win & 10 nominations,https://m.media-amazon.com/images/M/MV5BMTUyNzk3MjA1OF5BMl5BanBnXkFtZTcwMTE1Njg2MQ@@._V1_SX300.jpg,"[{'Source': 'Internet Movie Database', 'Value': '6.6/10'}, {'Source': 'Rotten Tomatoes', 'Value': '67%'}, {'Source': 'Metacritic', 'Value': '61/100'}]",61,6.6,"499,653",tt0800080,movie,21 Oct 2008,"$134,806,913",N/A,N/A,True,
Iron Man 2,2010,PG-13,07 May 2010,124 min,"Action, Sci-Fi",Jon Favreau,"Justin Theroux, Stan Lee, Don Heck","Robert Downey Jr., Mickey Rourke, Gwyneth Paltrow","With the world now aware of his identity as Iron Man, Tony Stark must contend with both his declining health and a vengeful mad man with ties to his father's legacy.","English, French, Russian",United States,Nominated for 1 Oscar. 7 wins & 44 nominations total,https://m.media-amazon.com/images/M/MV5BMTM0MDgwNjMyMl5BMl5BanBnXkFtZTcwNTg3NzAzMw@@._V1_SX300.jpg,"[{'Source': 'Internet Movie Database', 'Value': '6.9/10'}, {'Source': 'Rotten Tomatoes', 'Value': '71%'}, {'Source': 'Metacritic', 'Value': '57/100'}]",57,6.9,"828,272",tt1228705,movie,17 Aug 2010,"$312,433,331",N/A,N/A,True,
Captain America: The First Avenger,2011,PG-13,22 Jul 2011,124 min,"Action, Adventure, Sci-Fi",Joe Johnston,"Christopher Markus, Stephen McFeely, Joe Simon","Chris Evans, Hugo Weaving, Samuel L. Jackson","Steve Rogers, a rejected military soldier, transforms into Captain America after taking a dose of a ""Super-Soldier serum"". But being Captain America comes at a price as he attempts to take down a warmonger and a terrorist organiza...","English, Norwegian, French",United States,4 wins & 46 nominations,https://m.media-amazon.com/images/M/MV5BMTYzOTc2NzU3N15BMl5BanBnXkFtZTcwNjY3MDE3NQ@@._V1_SX300.jpg,"[{'Source': 'Internet Movie Database', 'Value': '6.9/10'}, {'Source': 'Rotten Tomatoes', 'Value': '80%'}, {'Source': 'Metacritic', 'Value': '66/100'}]",66,6.9,"855,149",tt0458339,movie,25 Oct 2011,"$176,654,505",N/A,N/A,True,
Iron Man 3,2013,PG-13,03 May 2013,130 min,"Action, Adventure, Sci-Fi",Shane Black,"Drew Pearce, Shane Black, Stan Lee","Robert Downey Jr., Guy Pearce, Gwyneth Paltrow","When Tony Stark's world is torn apart by a formidable terrorist called the Mandarin, he starts an odyssey of rebuilding and retribution.",English,United States,Nominated for 1 Oscar. 20 wins & 63 nominations total,https://m.media-amazon.com/images/M/MV5BMjE5MzcyNjk1M15BMl5BanBnXkFtZTcwMjQ4MjcxOQ@@._V1_SX300.jpg,"[{'Source': 'Internet Movie Database', 'Value': '7.1/10'}, {'Source': 'Rotten Tomatoes', 'Value': '79%'}, {'Source': 'Metacritic', 'Value': '62/100'}]",62,7.1,"860,132",tt1300854,movie,24 Sep 2013,"$409,013,994",N/A,N/A,True,
Thor: The Dark World,2013,PG-13,08 Nov 2013,112 min,"Action, Adventure, Fantasy",Alan Taylor,"Christopher L. Yost, Christopher Markus, Stephen McFeely","Chris Hemsworth, Natalie Portman, Tom Hiddleston","When the Dark Elves attempt to plunge the universe into darkness, Thor must embark on a perilous and personal journey that will reunite him with doctor Jane Foster.",English,United States,4 wins & 21 nominations,https://m.media-amazon.com/images/M/MV5BMTQyNzAwOTUxOF5BMl5BanBnXkFtZTcwMTE0OTc5OQ@@._V1_SX300.jpg,"[{'Source': 'Internet Movie Database', 'Value': '6.8/10'}, {'Source': 'Rotten Tomatoes', 'Value': '66%'}, {'Source': 'Metacritic', 'Value': '54/100'}]",54,6.8,"692,458",tt1981115,movie,25 Feb 2014,"$206,362,140",N/A,N/A,True,
Captain America: The Winter Soldier,2014,PG-13,04 Apr 2014,136 min,"Action, Adventure, Sci-Fi","Anthony Russo, Joe Russo","Christopher Markus, Stephen McFeely, Joe Simon","Chris Evans, Samuel L. Jackson, Scarlett Johansson","As Steve Rogers struggles to embrace his role in the modern world, he teams up with a fellow Avenger and S.H.I.E.L.D agent, Black Widow, to battle a new threat from history: an assassin known as the Winter Soldier.","English, French",United States,Nominated for 1 Oscar. 5 wins & 52 nominations total,https://m.media-amazon.com/images/M/MV5BMzA2NDkwODAwM15BMl5BanBnXkFtZTgwODk5MTgzMTE@._V1_SX300.jpg,"[{'Source': 'Internet Movie Database', 'Value': '7.8/10'}, {'Source': 'Rotten Tomatoes', 'Value': '90%'}, {'Source': 'Metacritic', 'Value': '70/100'}]",70,7.8,"856,310",tt1843866,movie,09 Sep 2014,"$259,766,572",N/A,N/A,True,
Guardians of the Galaxy,2014,PG-13,01 Aug 2014,121 min,"Action, Adventure, Comedy",James Gunn,"James Gunn, Nicole Perlman, Dan Abnett","Chris Pratt, Vin Diesel, Bradley Cooper",A group of intergalactic criminals must pull together to stop a fanatical warrior with plans to purge the universe.,English,United States,Nominated for 2 Oscars. 52 wins & 102 nominations total,https://m.media-amazon.com/images/M/MV5BZTkwZjU3MTctMGExMi00YjU5LTgwMDMtOWNkZDRlZjQ4NmZhXkEyXkFqcGdeQXVyNjAwNDUxODI@._V1_SX300.jpg,"[{'Source': 'Internet Movie Database', 'Value': '8.0/10'}, {'Source': 'Rotten Tomatoes', 'Value': '92%'}, {'Source': 'Metacritic', 'Value': '76/100'}]",76,8.0,"1,192,626",tt2015381,movie,09 Dec 2014,"$333,718,600",N/A,N/A,True,
Avengers: Age of Ultron,2015,PG-13,01 May 2015,141 min,"Action, Adventure, Sci-Fi",Joss Whedon,"Joss Whedon, Stan Lee, Jack Kirby","Robert Downey Jr., Chris Evans, Mark Ruffalo","When Tony Stark and Bruce Banner try to jump-start a dormant peacekeeping program called Ultron, things go horribly wrong and it's up to Earth's mightiest heroes to stop the villainous Ultron from enacting his terrible plan.","English, Korean",United States,8 wins & 52 nominations,https://m.media-amazon.com/images/M/MV5BMTM4OGJmNWMtOTM4Ni00NTE3LTg3MDItZmQxYjc4N2JhNmUxXkEyXkFqcGdeQXVyNTgzMDMzMTg@._V1_SX300.jpg,"[{'Source': 'Internet Movie Database', 'Value': '7.3/10'}, {'Source': 'Rotten Tomatoes', 'Value': '76%'}, {'Source': 'Metacritic', 'Value': '66/100'}]",66,7.3,"873,232",tt2395427,movie,02 Oct 2015,"$459,005,868",N/A,N/A,True,
Ant-Man,2015,PG-13,17 Jul 2015,117 min,"Action, Comedy, Sci-Fi",Peyton Reed,"Edgar Wright, Joe Cornish, Adam McKay","Paul Rudd, Michael Douglas, Corey Stoll","Armed with a super-suit with the astonishing ability to shrink in scale but increase in strength, cat burglar Scott Lang must embrace his inner hero and help his mentor, Dr. Hank Pym, pull off a plan that will save the world.",English,United States,Nominated for 1 BAFTA Award4 wins & 34 nominations total,https://m.media-amazon.com/images/M/MV5BMjM2NTQ5Mzc2M15BMl5BanBnXkFtZTgwNTcxMDI2NTE@._V1_SX300.jpg,"[{'Source': 'Internet Movie Database', 'Value': '7.3/10'}, {'Source': 'Rotten Tomatoes', 'Value': '83%'}, {'Source': 'Metacritic', 'Value': '64/100'}]",64,7.3,"680,450",tt0478970,movie,08 Dec 2015,"$180,202,163",N/A,N/A,True,
Captain America: Civil War,2016,PG-13,06 May 2016,147 min,"Action, Sci-Fi","Anthony Russo, Joe Russo","Christopher Markus, Stephen McFeely, Joe Simon","Chris Evans, Robert Downey Jr., Scarlett Johansson",Political involvement in the Avengers' affairs causes a rift between Captain America and Iron Man.,"English, German, Xhosa, Russian, Romanian, Hindi",United States,16 wins & 73 nominations,https://m.media-amazon.com/images/M/MV5BMjQ0MTgyNjAxMV5BMl5BanBnXkFtZTgwNjUzMDkyODE@._V1_SX300.jpg,"[{'Source': 'Internet Movie Database', 'Value': '7.8/10'}, {'Source': 'Rotten Tomatoes', 'Value': '90%'}, {'Source': 'Metacritic', 'Value': '75/100'}]",75,7.8,"799,659",tt3498820,movie,13 Sep 2016,"$408,084,349",N/A,N/A,True,
Spider-Man: Homecoming,2017,PG-13,07 Jul 2017,133 min,"Action, Adventure, Sci-Fi",Jon Watts,"Jonathan Goldstein, John Francis Daley, Jon Watts","Tom Holland, Michael Keaton, Robert Downey Jr.","Peter Parker balances his life as an ordinary high school student in Queens with his superhero alter-ego Spider-Man, and finds himself on the trail of a new menace prowling the skies of New York City.","English, Spanish",United States,7 wins & 10 nominations,https://m.media-amazon.com/images/M/MV5BNTk4ODQ1MzgzNl5BMl5BanBnXkFtZTgwMTMyMzM4MTI@._V1_SX300.jpg,"[{'Source': 'Internet Movie Database', 'Value': '7.4/10'}, {'Source': 'Rotten Tomatoes', 'Value': '92%'}, {'Source': 'Metacritic', 'Value': '73/100'}]",73,7.4,"668,661",tt2250912,movie,17 Oct 2017,"$334,201,140",N/A,N/A,True,
Thor: Ragnarok,2017,PG-13,03 Nov 2017,130 min,"Action, Adventure, Comedy",Taika Waititi,"Eric Pearson, Craig Kyle, Christopher L. Yost","Chris Hemsworth, Tom Hiddleston, Cate Blanchett","Imprisoned on the planet Sakaar, Thor must race against time to return to Asgard and stop Ragnarök, the destruction of his world, at the hands of the powerful and ruthless villain Hela.",English,"United States, Australia",6 wins & 49 nominations,https://m.media-amazon.com/images/M/MV5BMjMyNDkzMzI1OF5BMl5BanBnXkFtZTgwODcxODg5MjI@._V1_SX300.jpg,"[{'Source': 'Internet Movie Database', 'Value': '7.9/10'}, {'Source': 'Rotten Tomatoes', 'Value': '93%'}, {'Source': 'Metacritic', 'Value': '74/100'}]",74,7.9,"764,067",tt3501632,movie,06 Mar 2018,"$315,058,289",N/A,N/A,True,
Avengers: Infinity War,2018,PG-13,27 Apr 2018,149 min,"Action, Adventure, Sci-Fi","Anthony Russo, Joe Russo","Christopher Markus, Stephen McFeely, Stan Lee","Robert Downey Jr., Chris Hemsworth, Mark Ruffalo",The Avengers and their allies must be willing to sacrifice all in an attempt to defeat the powerful Thanos before his blitz of devastation and ruin puts an end to the universe.,English,United States,Nominated for 1 Oscar. 46 wins & 79 nominations total,https://m.media-amazon.com/images/M/MV5BMjMxNjY2MDU1OV5BMl5BanBnXkFtZTgwNzY1MTUwNTM@._V1_SX300.jpg,"[{'Source': 'Internet Movie Database', 'Value': '8.4/10'}, {'Source': 'Rotten Tomatoes', 'Value': '85%'}, {'Source': 'Metacritic', 'Value': '68/100'}]",68,8.4,"1,099,702",tt4154756,movie,14 Aug 2018,"$678,815,482",N/A,N/A,True,
Ant-Man and the Wasp,2018,PG-13,06 Jul 2018,118 min,"Action, Adventure, Comedy",Peyton Reed,"Chris McKenna, Erik Sommers, Paul Rudd","Paul Rudd, Evangeline Lilly, Michael Peña","As Scott Lang balances being both a superhero and a father, Hope van Dyne and Dr. Hank Pym present an urgent new mission that finds the Ant-Man fighting alongside The Wasp to uncover secrets from their past.","English, Spanish, French","United States, Canada",2 wins & 21 nominations,https://m.media-amazon.com/images/M/MV5BYjcyYTk0N2YtMzc4ZC00Y2E0LWFkNDgtNjE1MzZmMGE1YjY1XkEyXkFqcGdeQXVyMTMxODk2OTU@._V1_SX300.jpg,"[{'Source': 'Internet Movie Database', 'Value': '7.0/10'}, {'Source': 'Rotten Tomatoes', 'Value': '87%'}, {'Source': 'Metacritic', 'Value': '70/100'}]",70,7.0,"415,093",tt5095030,movie,08 Dec 2015,"$216,648,740",N/A,N/A,True,
Avengers: Endgame,2019,PG-13,26 Apr 2019,181 min,"Action, Adventure, Drama","Anthony Russo, Joe Russo","Christopher Markus, Stephen McFeely, Stan Lee","Robert Downey Jr., Chris Evans, Mark Ruffalo","After the devastating events of Avengers: Infinity War (2018), the universe is in ruins. With the help of remaining allies, the Avengers assemble once more in order to reverse Thanos' actions and restore balance to the universe.","English, Japanese, Xhosa, German",United States,Nominated for 1 Oscar. 70 wins & 132 nominations total,https://m.media-amazon.com/images/M/MV5BMTc5MDE2ODcwNV5BMl5BanBnXkFtZTgwMzI2NzQ2NzM@._V1_SX300.jpg,"[{'Source': 'Internet Movie Database', 'Value': '8.4/10'}, {'Source': 'Rotten Tomatoes', 'Value': '94%'}, {'Source': 'Metacritic', 'Value': '78/100'}]",78,8.4,"1,153,261",tt4154796,movie,30 Jul 2019,"$858,373,000",N/A,N/A,True,
Spider-Man: Far from Home,2019,PG-13,02 Jul 2019,129 min,"Action, Adventure, Comedy",Jon Watts,"Chris McKenna, Erik Sommers, Stan Lee","Tom Holland, Samuel L. Jackson, Jake Gyllenhaal","Following the events of Avengers: Endgame (2019), Spider-Man must step up to take on new threats in a world that has changed forever.","English, Italian, Czech",United States,11 wins & 26 nominations,https://m.media-amazon.com/images/M/MV5BMGZlNTY1ZWUtYTMzNC00ZjUyLWE0MjQtMTMxN2E3ODYxMWVmXkEyXkFqcGdeQXVyMDM2NDM2MQ@@._V1_SX300.jpg,"[{'Source': 'Internet Movie Database', 'Value': '7.4/10'}, {'Source': 'Rotten Tomatoes', 'Value': '90%'}, {'Source': 'Metacritic', 'Value': '69/100'}]",69,7.4,"504,498",tt6320628,movie,27 Aug 2019,"$390,532,085",N/A,N/A,True,
Shang-Chi and the Legend of the Ten Rings,2021,PG-13,03 Sep 2021,132 min,"Action, Adventure, Fantasy",Destin Daniel Cretton,"Dave Callaham, Destin Daniel Cretton, Andrew Lanham","Simu Liu, Awkwafina, Tony Chiu-Wai Leung","Shang-Chi, the master of weaponry-based Kung Fu, is forced to confront his past after being drawn into the Ten Rings organization.","English, Mandarin",United States,Nominated for 1 Oscar. 20 wins & 66 nominations total,https://m.media-amazon.com/images/M/MV5BNTliYjlkNDQtMjFlNS00NjgzLWFmMWEtYmM2Mzc2Zjg3ZjEyXkEyXkFqcGdeQXVyMTkxNjUyNQ@@._V1_SX300.jpg,"[{'Source': 'Internet Movie Database', 'Value': '7.4/10'}, {'Source': 'Rotten Tomatoes', 'Value': '91%'}, {'Source': 'Metacritic', 'Value': '71/100'}]",71,7.4,"390,509",tt9376612,movie,12 Nov 2021,"$224,543,292",N/A,N/A,True,
Spider-Man: No Way Home,2021,PG-13,17 Dec 2021,148 min,"Action, Adventure, Fantasy",Jon Watts,"Chris McKenna, Erik Sommers, Stan Lee","Tom Holland, Zendaya, Benedict Cumberbatch","With Spider-Man's identity now revealed, Peter asks Doctor Strange for help. When a spell goes wrong, dangerous foes from other worlds start to appear, forcing Peter to discover what it truly means to be Spider-Man.",English,United States,Nominated for 1 Oscar. 35 wins & 67 nominations total,https://m.media-amazon.com/images/M/MV5BZWMyYzFjYTYtNTRjYi00OGExLWE2YzgtOGRmYjAxZTU3NzBiXkEyXkFqcGdeQXVyMzQ0MzA0NTM@._V1_SX300.jpg,"[{'Source': 'Internet Movie Database', 'Value': '8.2/10'}, {'Source': 'Metacritic', 'Value': '71/100'}]",71,8.2,"775,066",tt10872600,movie,N/A,"$814,115,070",Columbia Pictures,N/A,True,
Doctor Strange in the Multiverse of Madness,2022,PG-13,06 May 2022,126 min,"Action, Adventure, Fantasy",Sam Raimi,"Michael Waldron, Stan Lee, Steve Ditko","Benedict Cumberbatch, Elizabeth Olsen, Chiwetel Ejiofor","Doctor Strange teams up with a mysterious teenage girl from his dreams who can travel across multiverses, to battle multiple threats, including other-universe versions of himself, which threaten to wipe out millions across the mul...","English, Spanish, Chinese",United States,6 wins & 16 nominations,https://m.media-amazon.com/images/M/MV5BNWM0ZGJlMzMtZmYwMi00NzI3LTgzMzMtNjMzNjliNDRmZmFlXkEyXkFqcGdeQXVyMTM1MTE1NDMx._V1_SX300.jpg,"[{'Source': 'Internet Movie Database', 'Value': '6.9/10'}, {'Source': 'Rotten Tomatoes', 'Value': '74%'}, {'Source': 'Metacritic', 'Value': '60/100'}]",60,6.9,"426,435",tt9419884,movie,22 Jun 2022,"$411,331,607",Walt Disney Pictures,N/A,True,
Black Panther: Wakanda Forever,2022,PG-13,11 Nov 2022,161 min,"Action, Adventure, Drama",Ryan Coogler,"Ryan Coogler, Joe Robert Cole, Stan Lee","Letitia Wright, Lupita Nyong'o, Danai Gurira",The people of Wakanda fight to protect their home from intervening world powers as they mourn the death of King T'Challa.,"Spanish, Haitian, English, Xhosa, Maya, French",United States,Nominated for 5 Oscars. 39 wins & 147 nominations total,https://m.media-amazon.com/images/M/MV5BNTM4NjIxNmEtYWE5NS00NDczLTkyNWQtYThhNmQyZGQzMjM0XkEyXkFqcGdeQXVyODk4OTc3MTY@._V1_SX300.jpg,"[{'Source': 'Internet Movie Database', 'Value': '6.8/10'}, {'Source': 'Rotten Tomatoes', 'Value': '84%'}, {'Source': 'Metacritic', 'Value': '67/100'}]",67,6.8,"231,795",tt9114286,movie,01 Feb 2023,N/A,Walt Disney Pictures,N/A,True,
Ant-Man and the Wasp: Quantumania,2023,PG-13,17 Feb 2023,124 min,"Action, Adventure, Comedy",Peyton Reed,"Jeff Loveness, Stan Lee, Larry Lieber","Paul Rudd, Evangeline Lilly, Michael Douglas","Scott Lang and Hope Van Dyne, along with Hank Pym and Janet Van Dyne, explore the Quantum Realm, where they interact with strange creatures and embark on an adventure that goes beyond the limits of what they thought was possible.",English,"United States, Australia, Canada",1 nomination,https://m.media-amazon.com/images/M/MV5BODZhNzlmOGItMWUyYS00Y2Q5LWFlNzMtM2I2NDFkM2ZkYmE1XkEyXkFqcGdeQXVyMTU5OTA4NTIz._V1_SX300.jpg,"[{'Source': 'Metacritic', 'Value': '48/100'}]",48,N/A,"82,062",tt10954600,movie,N/A,"$190,205,913",N/A,N/A,True,
Guardians of the Galaxy Vol. 3,2023,PG-13,05 May 2023,1 min,"Action, Adventure, Comedy",James Gunn,"James Gunn, Dan Abnett, Andy Lanning","Chris Pratt, Zoe Saldana, Dave Bautista","Still reeling from the loss of Gamora, Peter Quill rallies his team to defend the universe and one of their own - a mission that could mean the end of the Guardians if not successful.",English,United States,1 nomination,https://m.media-amazon.com/images/M/MV5BMDgxOTdjMzYtZGQxMS00ZTAzLWI4Y2UtMTQzN2VlYjYyZWRiXkEyXkFqcGdeQXVyMTkxNjUyNQ@@._V1_SX300.jpg,[],N/A,N/A,N/A,tt6791350,movie,N/A,N/A,Walt Disney,N/A,True,
Man of Steel,2013,PG-13,14 Jun 2013,143 min,"Action, Adventure, Sci-Fi",Zack Snyder,"David S. Goyer, Christopher Nolan, Jerry Siegel","Henry Cavill, Amy Adams, Michael Shannon",An alien child is evacuated from his dying world and sent to Earth to live among humans. His peace is threatened when other survivors of his home planet invade Earth.,English,"United States, United Kingdom",Nominated for 1 BAFTA Award7 wins & 46 nominations total,https://m.media-amazon.com/images/M/MV5BMTk5ODk1NDkxMF5BMl5BanBnXkFtZTcwNTA5OTY0OQ@@._V1_SX300.jpg,"[{'Source': 'Internet Movie Database', 'Value': '7.1/10'}, {'Source': 'Rotten Tomatoes', 'Value': '56%'}, {'Source': 'Metacritic', 'Value': '55/100'}]",55,7.1,"779,512",tt0770828,movie,12 Nov 2013,"$291,045,518",N/A,N/A,True,
Batman v Superman: Dawn of Justice,2016,PG-13,25 Mar 2016,151 min,"Action, Adventure, Sci-Fi",Zack Snyder,"Chris Terrio, David S. Goyer, Bob Kane","Ben Affleck, Henry Cavill, Amy Adams","Fearing that the actions of Superman are left unchecked, Batman takes on the Man of Steel, while the world wrestles with what kind of a hero it really needs.",English,United States,14 wins & 31 nominations,https://m.media-amazon.com/images/M/MV5BYThjYzcyYzItNTVjNy00NDk0LTgwMWQtYjMwNmNlNWJhMzMyXkEyXkFqcGdeQXVyMTQxNzMzNDI@._V1_SX300.jpg,"[{'Source': 'Internet Movie Database', 'Value': '6.4/10'}, {'Source': 'Rotten Tomatoes', 'Value': '29%'}, {'Source': 'Metacritic', 'Value': '44/100'}]",44,6.4,"706,281",tt2975590,movie,19 Jul 2016,"$330,360,194",N/A,N/A,True,
Suicide Squad,2016,PG-13,05 Aug 2016,123 min,"Action, Adventure, Fantasy",David Ayer,"David Ayer, John Ostrander","Will Smith, Jared Leto, Margot Robbie",A secret government agency recruits some of the most dangerous incarcerated super-villains to form a defensive task force. Their first mission: save the world from the apocalypse.,"English, Japanese, Spanish",United States,Won 1 Oscar. 18 wins & 40 nominations total,https://m.media-amazon.com/images/M/MV5BMjM1OTMxNzUyM15BMl5BanBnXkFtZTgwNjYzMTIzOTE@._V1_SX300.jpg,"[{'Source': 'Internet Movie Database', 'Value': '5.9/10'}, {'Source': 'Rotten Tomatoes', 'Value': '26%'}, {'Source': 'Metacritic', 'Value': '40/100'}]",40,5.9,"692,602",tt1386697,movie,13 Dec 2016,"$325,100,054",N/A,N/A,True,
Justice League,2017,PG-13,17 Nov 2017,120 min,"Action, Adventure, Fantasy",Zack Snyder,"Jerry Siegel, Joe Shuster, Chris Terrio","Ben Affleck, Gal Gadot, Jason Momoa","Fueled by his restored faith in humanity and inspired by Superman's selfless act, Bruce Wayne enlists the help of his new-found ally, Diana Prince, to face an even greater enemy.","English, Irish Gaelic, Russian, Icelandic","United States, Canada, United Kingdom",2 wins & 13 nominations,https://m.media-amazon.com/images/M/MV5BYWVhZjZkYTItOGIwYS00NmRkLWJlYjctMWM0ZjFmMDU4ZjEzXkEyXkFqcGdeQXVyMTMxODk2OTU@._V1_SX300.jpg,"[{'Source': 'Internet Movie Database', 'Value': '6.1/10'}, {'Source': 'Rotten Tomatoes', 'Value': '39%'}, {'Source': 'Metacritic', 'Value': '45/100'}]",45,6.1,"458,498",tt0974015,movie,13 Mar 2018,"$229,024,295",N/A,N/A,True,
Shazam!,2019,PG-13,05 Apr 2019,132 min,"Action, Adventure, Comedy",David F. Sandberg,"Henry Gayden, Darren Lemke, Bill Parker","Zachary Levi, Mark Strong, Asher Angel",A newly fostered young boy in search of his mother instead finds unexpected super powers and soon gains a powerful enemy.,"English, Spanish","United States, Canada",28 nominations,https://m.media-amazon.com/images/M/MV5BOWZhZjE4NGQtODg5Ni00MjQ1LWJmMzAtNzQ2N2M1NzYzMDJkXkEyXkFqcGdeQXVyMjMwNDgzNjc@._V1_SX300.jpg,"[{'Source': 'Internet Movie Database', 'Value': '7.0/10'}, {'Source': 'Rotten Tomatoes', 'Value': '90%'}, {'Source': 'Metacritic', 'Value': '71/100'}]",71,7.0,"346,402",tt0448115,movie,02 Jul 2019,"$140,480,049",N/A,N/A,True,
Birds of Prey,2020,R,07 Feb 2020,109 min,"Action, Comedy, Crime",Cathy Yan,"Christina Hodson, Paul Dini, Bruce Timm","Margot Robbie, Rosie Perez, Mary Elizabeth Winstead","After splitting with the Joker, Harley Quinn joins superheroines Black Canary, Huntress, and Renee Montoya to save a young girl from an evil crime lord.","English, Chinese",United States,18 wins & 83 nominations,https://m.media-amazon.com/images/M/MV5BMzQ3NTQxMjItODBjYi00YzUzLWE1NzQtZTBlY2Y2NjZlNzkyXkEyXkFqcGdeQXVyMTkxNjUyNQ@@._V1_SX300.jpg,"[{'Source': 'Internet Movie Database', 'Value': '6.0/10'}, {'Source': 'Rotten Tomatoes', 'Value': '78%'}, {'Source': 'Metacritic', 'Value': '60/100'}]",60,6.0,"244,713",tt7713068,movie,23 Mar 2020,"$84,172,791",N/A,N/A,True,
Wonder Woman 1984,2020,PG-13,25 Dec 2020,151 min,"Action, Adventure, Fantasy",Patty Jenkins,"Patty Jenkins, Geoff Johns, Dave Callaham","Gal Gadot, Chris Pine, Kristen Wiig","Diana must contend with a work colleague, and with a businessman whose desire for extreme wealth sends the world down a path of destruction, after an ancient artifact that grants wishes goes missing.","English, Arabic, Russian, Mandarin",United States,28 wins & 47 nominations,https://m.media-amazon.com/images/M/MV5BYTlhNzJjYzYtNGU3My00ZDI5LTgzZDUtYzllYjU1ZmU0YTgwXkEyXkFqcGdeQXVyMjQwMDg0Ng@@._V1_SX300.jpg,"[{'Source': 'Internet Movie Database', 'Value': '5.4/10'}, {'Source': 'Rotten Tomatoes', 'Value': '58%'}, {'Source': 'Metacritic', 'Value': '60/100'}]",60,5.4,"273,693",tt7126948,movie,25 Dec 2020,"$46,801,036",N/A,N/A,True,
Black Adam,2022,PG-13,21 Oct 2022,125 min,"Action, Adventure, Fantasy",Jaume Collet-Serra,"Adam Sztykiel, Rory Haines, Sohrab Noshirvani","Dwayne Johnson, Aldis Hodge, Pierce Brosnan","Nearly 5,000 years after he was bestowed with the almighty powers of the Egyptian gods--and imprisoned just as quickly--Black Adam is freed from his earthly tomb, ready to unleash his unique form of justice on the modern world.",English,United States,8 nominations,https://m.media-amazon.com/images/M/MV5BYzZkOGUwMzMtMTgyNS00YjFlLTg5NzYtZTE3Y2E5YTA5NWIyXkEyXkFqcGdeQXVyMjkwOTAyMDU@._V1_SX300.jpg,"[{'Source': 'Internet Movie Database', 'Value': '6.4/10'}, {'Source': 'Rotten Tomatoes', 'Value': '38%'}, {'Source': 'Metacritic', 'Value': '41/100'}]",41,6.4,"224,725",tt6443346,movie,22 Nov 2022,N/A,N/A,N/A,True,
Shazam! Fury of the Gods,2023,PG-13,17 Mar 2023,130 min,"Action, Adventure, Comedy",David F. Sandberg,"Henry Gayden, Chris Morgan, Bill Parker","Zachary Levi, Asher Angel, Jack Dylan Grazer","The film continues the story of teenage Billy Batson who, upon reciting the magic word ""SHAZAM!"" is transformed into his adult Super Hero alter ego, Shazam.",English,United States,N/A,https://m.media-amazon.com/images/M/MV5BNzJlM2NmZTItOGQyYS00MmE2LTkwZGUtNDFkNmJmZjRjZjcxXkEyXkFqcGdeQXVyMTA3MDk2NDg2._V1_SX300.jpg,"[{'Source': 'Internet Movie Database', 'Value': '6.7/10'}, {'Source': 'Metacritic', 'Value': '46/100'}]",46,6.7,"6,304",tt10151854,movie,N/A,N/A,Warner Bros. Pictures,N/A,True,
The Suicide Squad,2021,R,05 Aug 2021,132 min,"Action, Adventure, Comedy",James Gunn,James Gunn,"Margot Robbie, Idris Elba, John Cena","Supervillains Harley Quinn, Bloodsport, Peacemaker, and a collection of nutty cons at Belle Reve prison join the super-secret, super-shady Task Force X as they are dropped off at the remote, enemy-infused island of Corto Maltese.",English,United States,4 wins & 41 nominations,https://m.media-amazon.com/images/M/MV5BMWU4NDQ2NjEtNjhkOS00Y2MwLWJkODItZmJhZGE0MDU1OWM4XkEyXkFqcGdeQXVyODE5NzE3OTE@._V1_SX300.jpg,"[{'Source': 'Internet Movie Database', 'Value': '7.2/10'}, {'Source': 'Metacritic', 'Value': '72/100'}]",72,7.2,"360,337",tt6334354,movie,N/A,"$55,817,425",N/A,N/A,True,
Green Lantern,2011,PG-13,17 Jun 2011,114 min,"Action, Adventure, Sci-Fi",Martin Campbell,"Greg Berlanti, Michael Green, Marc Guggenheim","Ryan Reynolds, Blake Lively, Peter Sarsgaard","Reckless test pilot Hal Jordan is granted an alien ring that bestows him with otherworldly powers that inducts him into an intergalactic police force, the Green Lantern Corps.",English,United States,3 wins & 6 nominations,https://m.media-amazon.com/images/M/MV5BZjQ1YTIxNzEtMzcxNC00NTUzLThkZjktMmJlYTcyMjBhMGUyXkEyXkFqcGdeQXVyNTIzOTk5ODM@._V1_SX300.jpg,"[{'Source': 'Internet Movie Database', 'Value': '5.5/10'}, {'Source': 'Rotten Tomatoes', 'Value': '26%'}, {'Source': 'Metacritic', 'Value': '39/100'}]",39,5.5,"288,355",tt1133985,movie,15 Nov 2013,"$116,601,172",De Line Pictures,N/A,True,
Joker,2019,R,04 Oct 2019,122 min,"Crime, Drama, Thriller",Todd Phillips,"Todd Phillips, Scott Silver, Bob Kane","Joaquin Phoenix, Robert De Niro, Zazie Beetz",A mentally troubled stand-up comedian embarks on a downward spiral that leads to the creation of an iconic villain.,English,"United States, Canada",Won 2 Oscars. 122 wins & 239 nominations total,https://m.media-amazon.com/images/M/MV5BNGVjNWI4ZGUtNzE0MS00YTJmLWE0ZDctN2ZiYTk2YmI3NTYyXkEyXkFqcGdeQXVyMTkxNjUyNQ@@._V1_SX300.jpg,"[{'Source': 'Internet Movie Database', 'Value': '8.4/10'}, {'Source': 'Rotten Tomatoes', 'Value': '69%'}, {'Source': 'Metacritic', 'Value': '59/100'}]",59,8.4,"1,313,700",tt7286456,movie,03 Oct 2019,"$335,477,657",N/A,N/A,True,
Constantine,2005,R,18 Feb 2005,121 min,"Action, Fantasy, Horror",Francis Lawrence,"Jamie Delano, Garth Ennis, Kevin Brodbin","Keanu Reeves, Rachel Weisz, Djimon Hounsou","Supernatural exorcist and demonologist John Constantine helps a policewoman prove her sister's death was not a suicide, but something more.","English, Filipino, Tagalog","United States, Germany",2 wins & 11 nominations,https://m.media-amazon.com/images/M/MV5BODZiMzAxNTctZjdiZC00OGY5LTg2NDAtNWJhNmQwZTcyMWQ2XkEyXkFqcGdeQXVyMjUzOTY1NTc@._V1_SX300.jpg,"[{'Source': 'Internet Movie Database', 'Value': '7.0/10'}, {'Source': 'Rotten Tomatoes', 'Value': '46%'}, {'Source': 'Metacritic', 'Value': '50/100'}]",50,7.0,"352,533",tt0360486,movie,19 Jul 2005,"$75,976,178",N/A,N/A,True,
Fall,2022,PG-13,12 Aug 2022,107 min,Thriller,Scott Mann,"Jonathan Frank, Scott Mann","Grace Caroline Currey, Virginia Gardner, Mason Gooding","Best friends Becky and Hunter find themselves at the top of a 2,000-foot radio tower.",English,"United Kingdom, United States",N/A,https://m.media-amazon.com/images/M/MV5BNGI3MWYwYjItNzZhYi00ZWIzLTkyMzYtN2JmNjg3ODg1NTg4XkEyXkFqcGdeQXVyMTMwMDA5ODU3._V1_SX300.jpg,"[{'Source': 'Internet Movie Database', 'Value': '6.4/10'}, {'Source': 'Rotten Tomatoes', 'Value': '79%'}, {'Source': 'Metacritic', 'Value': '62/100'}]",62,6.4,"66,269",tt15325794,movie,N/A,"$7,240,521",N/A,N/A,True,
The Strays,2023,TV-MA,22 Feb 2023,100 min,"Drama, Thriller",Nathaniel Martello-White,Nathaniel Martello-White,"Ashley Madekwe, Bukky Bakray, Jorden Myrie",A Black woman's meticulously crafted life of privilege starts to unravel when two strangers show up in her quaint suburban town.,English,United Kingdom,N/A,https://m.media-amazon.com/images/M/MV5BNjY4OTE1NTEtOTExMS00ZGY1LWI4NzYtMjJiNDZlODVlODk0XkEyXkFqcGdeQXVyMTUzNzc3NDAz._V1_SX300.jpg,"[{'Source': 'Internet Movie Database', 'Value': '4.7/10'}]",N/A,4.7,"3,563",tt16437278,movie,N/A,N/A,N/A,N/A,True,
The Whale,2022,R,21 Dec 2022,117 min,Drama,Darren Aronofsky,Samuel D. Hunter,"Brendan Fraser, Sadie Sink, Ty Simpkins","A reclusive, morbidly obese English teacher attempts to reconnect with his estranged teenage daughter.",English,United States,Nominated for 3 Oscars. 40 wins & 114 nominations total,https://m.media-amazon.com/images/M/MV5BZDQ4Njg4YTctNGZkYi00NWU1LWI4OTYtNmNjOWMyMjI1NWYzXkEyXkFqcGdeQXVyMTA3MDk2NDg2._V1_SX300.jpg,"[{'Source': 'Internet Movie Database', 'Value': '7.8/10'}, {'Source': 'Rotten Tomatoes', 'Value': '65%'}, {'Source': 'Metacritic', 'Value': '60/100'}]",60,7.8,"80,564",tt13833688,movie,21 Feb 2023,"$16,966,332",A24,N/A,True,
Plane,2023,R,13 Jan 2023,107 min,"Action, Adventure, Thriller",Jean-François Richet,"Charles Cumming, J.P. Davis","Gerard Butler, Mike Colter, Tony Goldwyn",A pilot finds himself caught in a war zone after he's forced to land his commercial aircraft during a terrible storm.,"English, Tagalog","United Kingdom, United States",N/A,https://m.media-amazon.com/images/M/MV5BZDc4MzVkNzYtZTRiZC00ODYwLWJjZmMtMDIyNjQ1M2M1OGM2XkEyXkFqcGdeQXVyMDA4NzMyOA@@._V1_SX300.jpg,"[{'Source': 'Internet Movie Database', 'Value': '6.5/10'}, {'Source': 'Metacritic', 'Value': '62/100'}]",62,6.5,"38,989",tt5884796,movie,N/A,"$32,111,181",N/A,N/A,True,
365 Days,2020,TV-MA,07 Jun 2020,114 min,"Drama, Romance","Barbara Bialowas, Tomasz Mandes","Tomasz Klimala, Tomasz Mandes, Barbara Bialowas","Anna-Maria Sieklucka, Michele Morrone, Bronislaw Wroclawski","Massimo is a member of the Sicilian Mafia family and Laura is a sales director. She does not expect that on a trip to Sicily trying to save her relationship, Massimo will kidnap her and give her 365 days to fall in love with him.","Polish, English, Italian",Poland,1 win & 5 nominations,https://m.media-amazon.com/images/M/MV5BMDdhYzNkOWQtYWNlNi00NDdjLWJlZDMtMjJjZDYyNjAxM2U1XkEyXkFqcGdeQXVyMTQyMTMwOTk0._V1_SX300.jpg,"[{'Source': 'Internet Movie Database', 'Value': '3.3/10'}, {'Source': 'Rotten Tomatoes', 'Value': '0%'}]",N/A,3.3,"91,769",tt10886166,movie,11 Jun 2020,N/A,N/A,N/A,True,
Fifty Shades of Grey,2015,R,13 Feb 2015,125 min,"Drama, Romance, Thriller",Sam Taylor-Johnson,"Kelly Marcel, E.L. James","Dakota Johnson, Jamie Dornan, Jennifer Ehle","Literature student Anastasia Steele's life changes forever when she meets handsome, yet tormented, billionaire Christian Grey.",English,United States,Nominated for 1 Oscar. 9 wins & 29 nominations total,https://m.media-amazon.com/images/M/MV5BMjE1MTM4NDAzOF5BMl5BanBnXkFtZTgwNTMwNjI0MzE@._V1_SX300.jpg,"[{'Source': 'Internet Movie Database', 'Value': '4.2/10'}, {'Source': 'Rotten Tomatoes', 'Value': '24%'}, {'Source': 'Metacritic', 'Value': '46/100'}]",46,4.2,"323,828",tt2322441,movie,08 May 2015,"$166,167,230",N/A,N/A,True,
After Ever Happy,2022,R,07 Sep 2022,95 min,"Drama, Romance",Castille Landon,"Anna Todd, Sharon Soboil","Josephine Langford, Hero Fiennes Tiffin, Louise Lombard","As a shocking truth about a couple's families emerges, the two lovers discover they are not so different from each other. Tessa is no longer the sweet, simple, good girl she was when she met Hardin — any more than he is the cruel,...",English,United States,N/A,https://m.media-amazon.com/images/M/MV5BYWUwMjZmZGYtYjIyOS00YTY2LWFiMjMtNWYyMjdlNmUwY2FmXkEyXkFqcGdeQXVyMTUzNDkzNDY@._V1_SX300.jpg,"[{'Source': 'Internet Movie Database', 'Value': '4.5/10'}, {'Source': 'Rotten Tomatoes', 'Value': '0%'}]",N/A,4.5,"6,817",tt13070038,movie,23 Sep 2022,"$1,072,750",Voltage Pictures,N/A,True,
Deep Water,2022,R,18 Mar 2022,115 min,"Drama, Mystery, Thriller",Adrian Lyne,"Zach Helm, Sam Levinson, Patricia Highsmith","Ben Affleck, Ana de Armas, Tracy Letts",A well-to-do husband who allows his wife to have affairs in order to avoid a divorce becomes a prime suspect in the disappearance of her lovers.,English,"United States, Australia",2 nominations,https://m.media-amazon.com/images/M/MV5BNTE1M2NjNDgtYjQ2Ny00YTMzLWJiYWQtMTdmM2Q2YjA1MDg1XkEyXkFqcGdeQXVyODk4OTc3MTY@._V1_SX300.jpg,"[{'Source': 'Internet Movie Database', 'Value': '5.4/10'}, {'Source': 'Rotten Tomatoes', 'Value': '36%'}, {'Source': 'Metacritic', 'Value': '53/100'}]",53,5.4,"48,674",tt2180339,movie,18 Mar 2022,N/A,N/A,N/A,True,
John Wick,2014,R,24 Oct 2014,101 min,"Action, Crime, Thriller","Chad Stahelski, David Leitch",Derek Kolstad,"Keanu Reeves, Michael Nyqvist, Alfie Allen",An ex-hit-man comes out of retirement to track down the gangsters that killed his dog and took his car.,"English, Russian, Hungarian","United States, United Kingdom, China",5 wins & 10 nominations,https://m.media-amazon.com/images/M/MV5BMTU2NjA1ODgzMF5BMl5BanBnXkFtZTgwMTM2MTI4MjE@._V1_SX300.jpg,"[{'Source': 'Internet Movie Database', 'Value': '7.4/10'}, {'Source': 'Rotten Tomatoes', 'Value': '86%'}, {'Source': 'Metacritic', 'Value': '68/100'}]",68,7.4,"646,960",tt2911666,movie,03 Feb 2015,"$43,037,835",N/A,N/A,True,
Tenet,2020,PG-13,03 Sep 2020,150 min,"Action, Sci-Fi, Thriller",Christopher Nolan,Christopher Nolan,"John David Washington, Robert Pattinson, Elizabeth Debicki","Armed with only one word, Tenet, and fighting for the survival of the entire world, a Protagonist journeys through a twilight world of international espionage on a mission that will unfold in something beyond real time.","English, Russian, Ukrainian, Estonian, Norwegian, Hindi","United States, United Kingdom",Won 1 Oscar. 50 wins & 137 nominations total,https://m.media-amazon.com/images/M/MV5BMzU3YWYwNTQtZTdiMC00NjY5LTlmMTMtZDFlYTEyODBjMTk5XkEyXkFqcGdeQXVyMTkxNjUyNQ@@._V1_SX300.jpg,"[{'Source': 'Internet Movie Database', 'Value': '7.3/10'}, {'Source': 'Rotten Tomatoes', 'Value': '69%'}, {'Source': 'Metacritic', 'Value': '69/100'}]",69,7.3,"518,979",tt6723592,movie,15 Dec 2020,"$58,504,105",N/A,N/A,True,
No Time to Die,2021,PG-13,08 Oct 2021,163 min,"Action, Adventure, Thriller",Cary Joji Fukunaga,"Neal Purvis, Robert Wade, Cary Joji Fukunaga","Daniel Craig, Ana de Armas, Rami Malek","James Bond has left active service. His peace is short-lived when Felix Leiter, an old friend from the CIA, turns up asking for help, leading Bond onto the trail of a mysterious villain armed with dangerous new technology.","English, French, Italian, Russian, Spanish, German","United Kingdom, United States",Won 1 Oscar. 41 wins & 76 nominations total,https://m.media-amazon.com/images/M/MV5BYWQ2NzQ1NjktMzNkNS00MGY1LTgwMmMtYTllYTI5YzNmMmE0XkEyXkFqcGdeQXVyMjM4NTM5NDY@._V1_SX300.jpg,"[{'Source': 'Internet Movie Database', 'Value': '7.3/10'}, {'Source': 'Rotten Tomatoes', 'Value': '83%'}, {'Source': 'Metacritic', 'Value': '68/100'}]",68,7.3,"409,879",tt2382320,movie,09 Nov 2021,"$160,891,007",Metro-Goldwyn-Mayer,N/A,True,
Inception,2010,PG-13,16 Jul 2010,148 min,"Action, Adventure, Sci-Fi",Christopher Nolan,Christopher Nolan,"Leonardo DiCaprio, Joseph Gordon-Levitt, Elliot Page","A thief who steals corporate secrets through the use of dream-sharing technology is given the inverse task of planting an idea into the mind of a C.E.O., but his tragic past may doom the project and his team to disaster.","English, Japanese, French","United States, United Kingdom",Won 4 Oscars. 158 wins & 220 nominations total,https://m.media-amazon.com/images/M/MV5BMjAxMzY3NjcxNF5BMl5BanBnXkFtZTcwNTI5OTM0Mw@@._V1_SX300.jpg,"[{'Source': 'Internet Movie Database', 'Value': '8.8/10'}, {'Source': 'Rotten Tomatoes', 'Value': '87%'}, {'Source': 'Metacritic', 'Value': '74/100'}]",74,8.8,"2,379,638",tt1375666,movie,07 Dec 2010,"$292,587,330",N/A,N/A,True,
Fifty Shades Freed,2018,R,09 Feb 2018,105 min,"Drama, Romance, Thriller",James Foley,"Niall Leonard, E.L. James","Dakota Johnson, Jamie Dornan, Eric Johnson","Anastasia and Christian get married, but Jack Hyde continues to threaten their relationship.",English,"United States, China",6 wins & 10 nominations,https://m.media-amazon.com/images/M/MV5BMTYxOTQ1MzI0Nl5BMl5BanBnXkFtZTgwMzgwMzIxNDM@._V1_SX300.jpg,"[{'Source': 'Internet Movie Database', 'Value': '4.5/10'}, {'Source': 'Rotten Tomatoes', 'Value': '11%'}, {'Source': 'Metacritic', 'Value': '31/100'}]",31,4.5,"68,000",tt4477536,movie,08 May 2018,"$100,407,760",N/A,N/A,True,
Fifty Shades Darker,2017,R,10 Feb 2017,118 min,"Drama, Romance, Thriller",James Foley,"Niall Leonard, E.L. James","Dakota Johnson, Jamie Dornan, Eric Johnson","While Christian wrestles with his inner demons, Anastasia must confront the anger and envy of the women who came before her.",English,"United States, China, Japan",3 wins & 13 nominations,https://m.media-amazon.com/images/M/MV5BMTQ5NTk0Njg2N15BMl5BanBnXkFtZTgwNzk5Nzk3MDI@._V1_SX300.jpg,"[{'Source': 'Internet Movie Database', 'Value': '4.6/10'}, {'Source': 'Rotten Tomatoes', 'Value': '11%'}, {'Source': 'Metacritic', 'Value': '33/100'}]",33,4.6,"105,110",tt4465564,movie,09 May 2017,"$114,581,250",N/A,N/A,True,
The Shawshank Redemption,1994,R,14 Oct 1994,142 min,Drama,Frank Darabont,"Stephen King, Frank Darabont","Tim Robbins, Morgan Freeman, Bob Gunton","Over the course of several years, two convicts form a friendship, seeking consolation and, eventually, redemption through basic compassion.",English,United States,Nominated for 7 Oscars. 21 wins & 43 nominations total,https://m.media-amazon.com/images/M/MV5BMDFkYTc0MGEtZmNhMC00ZDIzLWFmNTEtODM1ZmRlYWMwMWFmXkEyXkFqcGdeQXVyMTMxODk2OTU@._V1_SX300.jpg,"[{'Source': 'Internet Movie Database', 'Value': '9.3/10'}, {'Source': 'Rotten Tomatoes', 'Value': '91%'}, {'Source': 'Metacritic', 'Value': '81/100'}]",81,9.3,"2,704,541",tt0111161,movie,21 Dec 1999,"$28,767,189",N/A,N/A,True,
The Godfather,1972,R,24 Mar 1972,175 min,"Crime, Drama",Francis Ford Coppola,"Mario Puzo, Francis Ford Coppola","Marlon Brando, Al Pacino, James Caan",The aging patriarch of an organized crime dynasty in postwar New York City transfers control of his clandestine empire to his reluctant youngest son.,"English, Italian, Latin",United States,Won 3 Oscars. 32 wins & 31 nominations total,https://m.media-amazon.com/images/M/MV5BM2MyNjYxNmUtYTAwNi00MTYxLWJmNWYtYzZlODY3ZTk3OTFlXkEyXkFqcGdeQXVyNzkwMjQ5NzM@._V1_SX300.jpg,"[{'Source': 'Internet Movie Database', 'Value': '9.2/10'}, {'Source': 'Rotten Tomatoes', 'Value': '97%'}, {'Source': 'Metacritic', 'Value': '100/100'}]",100,9.2,"1,880,874",tt0068646,movie,11 May 2004,"$136,381,073",N/A,N/A,True,
The Shawshank Redemption,1994,R,14 Oct 1994,142 min,Drama,Frank Darabont,"Stephen King, Frank Darabont","Tim Robbins, Morgan Freeman, Bob Gunton","Over the course of several years, two convicts form a friendship, seeking consolation and, eventually, redemption through basic compassion.",English,United States,Nominated for 7 Oscars. 21 wins & 43 nominations total,https://m.media-amazon.com/images/M/MV5BMDFkYTc0MGEtZmNhMC00ZDIzLWFmNTEtODM1ZmRlYWMwMWFmXkEyXkFqcGdeQXVyMTMxODk2OTU@._V1_SX300.jpg,"[{'Source': 'Internet Movie Database', 'Value': '9.3/10'}, {'Source': 'Rotten Tomatoes', 'Value': '91%'}, {'Source': 'Metacritic', 'Value': '81/100'}]",81,9.3,"2,704,541",tt0111161,movie,21 Dec 1999,"$28,767,189",N/A,N/A,True,
Pulp Fiction,1994,R,14 Oct 1994,154 min,"Crime, Drama",Quentin Tarantino,"Quentin Tarantino, Roger Avary","John Travolta, Uma Thurman, Samuel L. Jackson","The lives of two mob hitmen, a boxer, a gangster and his wife, and a pair of diner bandits intertwine in four tales of violence and redemption.","English, Spanish, French",United States,Won 1 Oscar. 70 wins & 75 nominations total,https://m.media-amazon.com/images/M/MV5BNGNhMDIzZTUtNTBlZi00MTRlLWFjM2ItYzViMjE3YzI5MjljXkEyXkFqcGdeQXVyNzkwMjQ5NzM@._V1_SX300.jpg,"[{'Source': 'Internet Movie Database', 'Value': '8.9/10'}, {'Source': 'Rotten Tomatoes', 'Value': '92%'}, {'Source': 'Metacritic', 'Value': '94/100'}]",94,8.9,"2,079,328",tt0110912,movie,20 Aug 2002,"$107,928,762",N/A,N/A,True,
The Silence of the Lambs,1991,R,14 Feb 1991,118 min,"Crime, Drama, Thriller",Jonathan Demme,"Thomas Harris, Ted Tally","Jodie Foster, Anthony Hopkins, Lawrence A. Bonney","A young F.B.I. cadet must receive the help of an incarcerated and manipulative cannibal killer to help catch another serial killer, a madman who skins his victims.","English, Latin",United States,Won 5 Oscars. 69 wins & 51 nominations total,https://m.media-amazon.com/images/M/MV5BNjNhZTk0ZmEtNjJhMi00YzFlLWE1MmEtYzM1M2ZmMGMwMTU4XkEyXkFqcGdeQXVyNjU0OTQ0OTY@._V1_SX300.jpg,"[{'Source': 'Internet Movie Database', 'Value': '8.6/10'}, {'Source': 'Rotten Tomatoes', 'Value': '95%'}, {'Source': 'Metacritic', 'Value': '85/100'}]",85,8.6,"1,448,430",tt0102926,movie,21 Aug 2001,"$130,742,922",N/A,N/A,True,
Forrest Gump,1994,PG-13,06 Jul 1994,142 min,"Drama, Romance",Robert Zemeckis,"Winston Groom, Eric Roth","Tom Hanks, Robin Wright, Gary Sinise","The presidencies of Kennedy and Johnson, the Vietnam War, the Watergate scandal and other historical events unfold from the perspective of an Alabama man with an IQ of 75, whose only desire is to be reunited with his childhood swe...",English,United States,Won 6 Oscars. 51 wins & 75 nominations total,https://m.media-amazon.com/images/M/MV5BNWIwODRlZTUtY2U3ZS00Yzg1LWJhNzYtMmZiYmEyNmU1NjMzXkEyXkFqcGdeQXVyMTQxNzMzNDI@._V1_SX300.jpg,"[{'Source': 'Internet Movie Database', 'Value': '8.8/10'}, {'Source': 'Rotten Tomatoes', 'Value': '71%'}, {'Source': 'Metacritic', 'Value': '82/100'}]",82,8.8,"2,105,493",tt0109830,movie,28 Aug 2001,"$330,455,270",N/A,N/A,True,
Fight Club,1999,R,15 Oct 1999,139 min,Drama,David Fincher,"Chuck Palahniuk, Jim Uhls","Brad Pitt, Edward Norton, Meat Loaf",An insomniac office worker and a devil-may-care soap maker form an underground fight club that evolves into much more.,English,"Germany, United States",Nominated for 1 Oscar. 11 wins & 38 nominations total,https://m.media-amazon.com/images/M/MV5BNDIzNDU0YzEtYzE5Ni00ZjlkLTk5ZjgtNjM3NWE4YzA3Nzk3XkEyXkFqcGdeQXVyMjUzOTY1NTc@._V1_SX300.jpg,"[{'Source': 'Internet Movie Database', 'Value': '8.8/10'}, {'Source': 'Rotten Tomatoes', 'Value': '79%'}, {'Source': 'Metacritic', 'Value': '66/100'}]",66,8.8,"2,149,352",tt0137523,movie,14 Oct 2003,"$37,030,102",N/A,N/A,True,
Star Wars: Episode IV - A New Hope,1977,PG,25 May 1977,121 min,"Action, Adventure, Fantasy",George Lucas,George Lucas,"Mark Hamill, Harrison Ford, Carrie Fisher","Luke Skywalker joins forces with a Jedi Knight, a cocky pilot, a Wookiee and two droids to save the galaxy from the Empire's world-destroying battle station, while also attempting to rescue Princess Leia from the mysterious Darth ...",English,United States,Won 6 Oscars. 64 wins & 30 nominations total,https://m.media-amazon.com/images/M/MV5BOTA5NjhiOTAtZWM0ZC00MWNhLThiMzEtZDFkOTk2OTU1ZDJkXkEyXkFqcGdeQXVyMTA4NDI1NTQx._V1_SX300.jpg,"[{'Source': 'Internet Movie Database', 'Value': '8.6/10'}, {'Source': 'Rotten Tomatoes', 'Value': '93%'}, {'Source': 'Metacritic', 'Value': '90/100'}]",90,8.6,"1,376,600",tt0076759,movie,06 Dec 2005,"$460,998,507",N/A,N/A,True,
The Lord of the Rings: The Fellowship of the Ring,2001,PG-13,19 Dec 2001,178 min,"Action, Adventure, Drama",Peter Jackson,"J.R.R. Tolkien, Fran Walsh, Philippa Boyens","Elijah Wood, Ian McKellen, Orlando Bloom",A meek Hobbit from the Shire and eight companions set out on a journey to destroy the powerful One Ring and save Middle-earth from the Dark Lord Sauron.,"English, Sindarin","New Zealand, United States",Won 4 Oscars. 123 wins & 127 nominations total,https://m.media-amazon.com/images/M/MV5BN2EyZjM3NzUtNWUzMi00MTgxLWI0NTctMzY4M2VlOTdjZWRiXkEyXkFqcGdeQXVyNDUzOTQ5MjY@._V1_SX300.jpg,"[{'Source': 'Internet Movie Database', 'Value': '8.8/10'}, {'Source': 'Rotten Tomatoes', 'Value': '91%'}, {'Source': 'Metacritic', 'Value': '92/100'}]",92,8.8,"1,893,698",tt0120737,movie,06 Aug 2002,"$316,115,420",N/A,N/A,True,
Criminal,2016,R,15 Apr 2016,113 min,"Action, Sci-Fi, Thriller",Ariel Vromen,"Douglas Cook, David Weisberg","Kevin Costner, Ryan Reynolds, Gal Gadot","In a last-ditch effort to stop a diabolical plot, a dead CIA operative's memories, secrets, and skills are implanted into a death-row inmate in hopes that he will complete the operative's mission.","English, Russian, French","United States, United Kingdom, Bulgaria",N/A,https://m.media-amazon.com/images/M/MV5BMTg0ODc4Mzk2OF5BMl5BanBnXkFtZTgwNDk2MDkyODE@._V1_SX300.jpg,"[{'Source': 'Internet Movie Database', 'Value': '6.3/10'}, {'Source': 'Rotten Tomatoes', 'Value': '29%'}, {'Source': 'Metacritic', 'Value': '36/100'}]",36,6.3,"67,691",tt3014866,movie,26 Jul 2016,"$14,708,696",N/A,N/A,True,
,,,,,,,,,,,,,,,,,,,,,,,,False,Movie not found!
